INSERT into attributes (id, name) values
    (1, 'Вес'),
    (2, 'Цвет'),
    (3, 'Частота обновления экрана'),
    (4, 'Диагональ экрана'),
    (5, 'Разрешение экрана'),
    (6, 'Мощность звука'),
    (7, 'Объемное звучание'),
    (8, 'Поддержка сетей 4G (LTE)'),
    (9, 'Количество SIM-карт'),
    (10, 'Производитель процессора'),
    (11, 'Линейка процессора'),
    (12, 'Модель процессора'),
    (13, 'Количество ядер'),
    (14, 'Количество основных (тыловых) камер'),
    (15, 'Количество мегапикселей основной камеры'),
    (16, 'Фронтальная камера'),
    (17, 'Количество мегапикселей фронтальной камеры'),
    (18, 'NFC'),
    (19, 'GPS'),
    (20, 'Проводной интерфейс'),
    (21, 'Разъем для наушников'),
    (22, 'Тип аккумулятора'),
    (23, 'Емкость аккумулятора'),
    (24, 'Поддержка быстрой зарядки'),
    (25, 'Операционная система'),
    (26, 'Wi-Fi'),
    (27, 'Год релиза'),
    (28, 'Материал корпуса'),
    (29, 'Тип оперативной памяти'),
    (30, 'Частота оперативной памяти'),
    (31, 'Объем оперативной памяти'),
    (32, 'Вид графического ускорителя'),
    (33, 'Модель дискретной видеокарты'),
    (34, 'Объем видеопамяти'),
    (35, 'Модель встроенной видеокарты'),
    (36, 'Общий объем жестких дисков (HDD)'),
    (37, 'Общий объем твердотельных накопителей (SSD)'),
    (38, 'Способ передачи сигнала'),
    (39, 'Тип конструкции'),
    (40, 'Формат звуковой схемы'),
    (41, 'Сопротивление (импеданс) (Ом)'),
    (42, 'Микрофон'),
    (43, 'Тип проводного соединения'),
    (44, 'Отсоединяемый кабель'),
    (45, 'Длина кабеля');

INSERT into categories (id, name) values
    (46, 'Смартфоны'),
    (47, 'Планшеты'),
    (48, 'Ноутбуки'),
    (49, 'Наушники'),
    (50, 'Телевизоры');

INSERT into categories_attributes (categories_id, attributes_id) values
    (46, 1),
    (46, 2),
    (46, 3),
    (46, 4),
    (46, 5),
    (46, 8),
    (46, 9),
    (46, 10),
    (46, 11),
    (46, 12),
    (46, 13),
    (46, 14),
    (46, 15),
    (46, 16),
    (46, 17),
    (46, 18),
    (46, 19),
    (46, 20),
    (46, 21),
    (46, 22),
    (46, 23),
    (46, 24),
    (46, 25),
    (46, 26),
    (46, 27),
    (46, 28),
    (46, 29),
    (46, 30),
    (47, 1),
    (47, 2),
    (47, 3),
    (47, 4),
    (47, 5),
    (47, 8),
    (47, 9),
    (47, 10),
    (47, 11),
    (47, 12),
    (47, 13),
    (47, 14),
    (47, 15),
    (47, 16),
    (47, 17),
    (47, 18),
    (47, 19),
    (47, 20),
    (47, 21),
    (47, 22),
    (47, 23),
    (47, 24),
    (47, 25),
    (47, 26),
    (47, 27),
    (47, 28),
    (47, 29),
    (47, 30),
    (48, 1),
    (48, 2),
    (48, 3),
    (48, 4),
    (48, 5),
    (48, 10),
    (48, 11),
    (48, 12),
    (48, 13),
    (48, 22),
    (48, 23),
    (48, 24),
    (48, 25),
    (48, 26),
    (48, 27),
    (48, 28),
    (48, 29),
    (48, 30),
    (48, 31),
    (48, 32),
    (48, 33),
    (48, 34),
    (48, 35),
    (48, 36),
    (48, 37),
    (49, 1),
    (49, 2),
    (49, 6),
    (49, 7),
    (49, 38),
    (49, 39),
    (49, 40),
    (49, 41),
    (49, 42),
    (49, 43),
    (49, 44),
    (49, 45),
    (50, 1),
    (50, 2),
    (50, 3),
    (50, 4),
    (50, 5),
    (50, 6),
    (50, 7);

INSERT into products (id, category_id, count, price, name) values
    (151, 46, 13, 7759, 'Honor 7A Prime 32 ГБ'),
    (152, 46, 12, 6299, 'Samsung Galaxy A01 Core 16 ГБ'),
    (153, 46, 10, 8499, 'Xiaomi Redmi 9A 32 ГБ'),
    (154, 46, 16, 16999,'Xiaomi Redmi Note 9 64 ГБ'),
    (155, 46, 11, 30349, 'Samsung Galaxy M51 128 ГБ'),
    (156, 46, 25, 44599, 'Apple iPhone Xr 64 ГБ'),
    (157, 46, 10, 52899, 'Samsung Galaxy S20 128 ГБ'),
    (158, 47, 6, 10999, 'Samsung GALAXY Tab A 8.0 2019 32 ГБ'),
    (159, 47, 4, 14999, 'Huawei M5 Lite 8 32 ГБ 3G, LTE'),
    (160, 47, 13, 28799, 'Samsung Galaxy Tab S6 Lite 128 ГБ'),
    (161, 47, 8, 41999, 'Apple iPad 2020 32 ГБ 3G, LTE'),
    (162, 48, 7, 24999, 'ASUS Laptop E210MA-GJ002T'),
    (163, 48, 6, 34999, 'Acer Aspire 3 A317-32-P1QJ'),
    (164, 48, 3, 34999, 'Lenovo IdeaPad 3 17ADA05'),
    (165, 48, 8, 36999, 'HP 15-dw1036ur'),
    (166, 48, 5, 59999, 'ASUS VivoBook S13 S333JA-EG008T'),
    (167, 49, 2, 499, 'JBL C50HI'),
    (168, 49, 2, 499, 'Sony MDR-AS410AP'),
    (169, 49, 2, 1999, 'JBL T160BT'),
    (170, 49, 2, 2350, 'Pioneer SE-CL722T-R'),
    (171, 50, 5, 19999, 'LED Samsung UE32T4510AUXRU'),
    (172, 50, 4, 59999, 'LED Samsung UE65TU7160UXRU'),
    (173, 50, 7, 51299, 'LED Sony KD-49XF7596');

INSERT into categories_products (category_id, products_id) values
    (46, 151),
    (46, 152),
    (46, 153),
    (46, 154),
    (46, 155),
    (46, 156),
    (46, 157),
    (47, 158),
    (47, 159),
    (47, 160),
    (47, 161),
    (48, 162),
	(48, 163),
	(48, 164),
	(48, 165),
	(48, 166),
	(49, 167),
	(49, 168),
    (49, 169),
    (49, 170),
    (50, 171),
    (50, 172),
    (50, 173);

INSERT into params (id, product_id, attribute_id, value) values
	(nextval('hibernate_sequence'), 151, 1 , '142 г'),
	(nextval('hibernate_sequence'), 151, 2 , 'зеленый'),
	(nextval('hibernate_sequence'), 151, 3 , '60 Гц'),
	(nextval('hibernate_sequence'), 151, 4 , '5.45"'),
	(nextval('hibernate_sequence'), 151, 5 , '1440x720'),
	(nextval('hibernate_sequence'), 151, 8 , 'есть'),
	(nextval('hibernate_sequence'), 151, 9 , '2 SIM'),
	(nextval('hibernate_sequence'), 151, 10, 'MediaTek'),
	(nextval('hibernate_sequence'), 151, 11, '-'),
	(nextval('hibernate_sequence'), 151, 12, 'MediaTek MT6739'),
	(nextval('hibernate_sequence'), 151, 13, '4'),
	(nextval('hibernate_sequence'), 151, 14, '1'),
	(nextval('hibernate_sequence'), 151, 15, '13 Мп'),
	(nextval('hibernate_sequence'), 151, 16, 'есть'),
	(nextval('hibernate_sequence'), 151, 17, '5 Мп'),
	(nextval('hibernate_sequence'), 151, 18, 'нет'),
	(nextval('hibernate_sequence'), 151, 19, 'есть'),
	(nextval('hibernate_sequence'), 151, 20, '-'),
	(nextval('hibernate_sequence'), 151, 21, '-'),
	(nextval('hibernate_sequence'), 151, 22, '-'),
	(nextval('hibernate_sequence'), 151, 23, '3020 мА*ч'),
	(nextval('hibernate_sequence'), 151, 24, 'нет'),
	(nextval('hibernate_sequence'), 151, 25, 'Android 8.1 Oreo'),
	(nextval('hibernate_sequence'), 151, 26, 'есть'),
	(nextval('hibernate_sequence'), 151, 27, '2020'),
	(nextval('hibernate_sequence'), 151, 28, 'пластик'),
	(nextval('hibernate_sequence'), 151, 29, '-'),
	(nextval('hibernate_sequence'), 151, 30, '-'),
	(nextval('hibernate_sequence'), 152, 1 , '150 г'),
	(nextval('hibernate_sequence'), 152, 2 , 'красный'),
	(nextval('hibernate_sequence'), 152, 3 , '60 Гц'),
	(nextval('hibernate_sequence'), 152, 4 , '5.3"'),
	(nextval('hibernate_sequence'), 152, 5 , '1480x720'),
	(nextval('hibernate_sequence'), 152, 8 , 'есть'),
	(nextval('hibernate_sequence'), 152, 9 , '2 SIM'),
	(nextval('hibernate_sequence'), 152, 10, 'MediaTek'),
	(nextval('hibernate_sequence'), 152, 11, '-'),
	(nextval('hibernate_sequence'), 152, 12, 'MediaTek MT6739WW'),
	(nextval('hibernate_sequence'), 152, 13, '4'),
	(nextval('hibernate_sequence'), 152, 14, '1'),
	(nextval('hibernate_sequence'), 152, 15, '8 Мп'),
	(nextval('hibernate_sequence'), 152, 16, 'есть'),
	(nextval('hibernate_sequence'), 152, 17, '5 Мп'),
	(nextval('hibernate_sequence'), 152, 18, 'нет'),
	(nextval('hibernate_sequence'), 152, 19, 'есть'),
	(nextval('hibernate_sequence'), 152, 20, 'micro USB'),
	(nextval('hibernate_sequence'), 152, 21, 'Mini Jack 3.5 мм'),
	(nextval('hibernate_sequence'), 152, 22, 'Li-Ion'),
	(nextval('hibernate_sequence'), 152, 23, '3000 мА*ч'),
	(nextval('hibernate_sequence'), 152, 24, 'нет'),
	(nextval('hibernate_sequence'), 152, 25, 'Android 10 Go'),
	(nextval('hibernate_sequence'), 152, 26, 'есть'),
	(nextval('hibernate_sequence'), 152, 27, '2020'),
	(nextval('hibernate_sequence'), 152, 28, 'пластик'),
	(nextval('hibernate_sequence'), 152, 29, '-'),
	(nextval('hibernate_sequence'), 152, 30, '-'),
	(nextval('hibernate_sequence'), 153, 1 , '196 г'),
	(nextval('hibernate_sequence'), 153, 2 , 'серый'),
	(nextval('hibernate_sequence'), 153, 3 , '60 Гц'),
	(nextval('hibernate_sequence'), 153, 4 , '6.53"'),
	(nextval('hibernate_sequence'), 153, 5 , '1600x720'),
	(nextval('hibernate_sequence'), 153, 8 , 'есть'),
	(nextval('hibernate_sequence'), 153, 9 , '2 SIM'),
	(nextval('hibernate_sequence'), 153, 10, 'MediaTek'),
	(nextval('hibernate_sequence'), 153, 11, '-'),
	(nextval('hibernate_sequence'), 153, 12, 'MediaTek Helio G25'),
	(nextval('hibernate_sequence'), 153, 13, '8'),
	(nextval('hibernate_sequence'), 153, 14, '1'),
	(nextval('hibernate_sequence'), 153, 15, '13 Мп'),
	(nextval('hibernate_sequence'), 153, 16, 'есть'),
	(nextval('hibernate_sequence'), 153, 17, '5 Мп'),
	(nextval('hibernate_sequence'), 153, 18, 'нет'),
	(nextval('hibernate_sequence'), 153, 19, 'есть'),
	(nextval('hibernate_sequence'), 153, 20, 'micro USB'),
	(nextval('hibernate_sequence'), 153, 21, 'Mini Jack 3.5 мм'),
	(nextval('hibernate_sequence'), 153, 22, '-'),
	(nextval('hibernate_sequence'), 153, 23, '5000 мА*ч'),
	(nextval('hibernate_sequence'), 153, 24, 'нет'),
	(nextval('hibernate_sequence'), 153, 25, 'Android 10'),
	(nextval('hibernate_sequence'), 153, 26, 'есть'),
	(nextval('hibernate_sequence'), 153, 27, '2020'),
	(nextval('hibernate_sequence'), 153, 28, 'пластик'),
	(nextval('hibernate_sequence'), 153, 29, '-'),
	(nextval('hibernate_sequence'), 153, 30, '-'),
	(nextval('hibernate_sequence'), 154, 1 , '199 г'),
	(nextval('hibernate_sequence'), 154, 2 , 'зеленый'),
	(nextval('hibernate_sequence'), 154, 3 , '60 Гц'),
	(nextval('hibernate_sequence'), 154, 4 , '6.5"'),
	(nextval('hibernate_sequence'), 154, 5 , '2340x1080'),
	(nextval('hibernate_sequence'), 154, 8 , 'есть'),
	(nextval('hibernate_sequence'), 154, 9 , '2 SIM'),
	(nextval('hibernate_sequence'), 154, 10, 'MediaTek'),
	(nextval('hibernate_sequence'), 154, 11, '-'),
	(nextval('hibernate_sequence'), 154, 12, 'MediaTek Helio G85'),
	(nextval('hibernate_sequence'), 154, 13, '8'),
	(nextval('hibernate_sequence'), 154, 14, '4'),
	(nextval('hibernate_sequence'), 154, 15, '48+8+2+2 Мп'),
	(nextval('hibernate_sequence'), 154, 16, 'есть'),
	(nextval('hibernate_sequence'), 154, 17, '13 Мп'),
	(nextval('hibernate_sequence'), 154, 18, 'есть'),
	(nextval('hibernate_sequence'), 154, 19, 'есть'),
	(nextval('hibernate_sequence'), 154, 20, 'USB Type-C'),
	(nextval('hibernate_sequence'), 154, 21, 'Mini Jack 3.5 мм'),
	(nextval('hibernate_sequence'), 154, 22, 'Li-polymer'),
	(nextval('hibernate_sequence'), 154, 23, '5020 мА*ч'),
	(nextval('hibernate_sequence'), 154, 24, 'есть'),
	(nextval('hibernate_sequence'), 154, 25, 'Android 10'),
	(nextval('hibernate_sequence'), 154, 26, 'есть'),
	(nextval('hibernate_sequence'), 154, 27, '2020'),
	(nextval('hibernate_sequence'), 154, 28, 'пластик'),
	(nextval('hibernate_sequence'), 154, 29, '-'),
	(nextval('hibernate_sequence'), 154, 30, '-'),
	(nextval('hibernate_sequence'), 155, 1, '213 г'),
	(nextval('hibernate_sequence'), 155, 2, 'белый'),
	(nextval('hibernate_sequence'), 155, 3, '60 Гц'),
	(nextval('hibernate_sequence'), 155, 4, '6.67"'),
	(nextval('hibernate_sequence'), 155, 5, '2400x1080'),
	(nextval('hibernate_sequence'), 155, 8, 'есть'),
	(nextval('hibernate_sequence'), 155, 9, '2 SIM'),
	(nextval('hibernate_sequence'), 155, 10, 'Qualcomm'),
	(nextval('hibernate_sequence'), 155, 11, '-'),
	(nextval('hibernate_sequence'), 155, 12, 'Snapdragon 730'),
	(nextval('hibernate_sequence'), 155, 13, '8'),
	(nextval('hibernate_sequence'), 155, 14, '4'),
	(nextval('hibernate_sequence'), 155, 15, '64+12+5+5 Мп'),
	(nextval('hibernate_sequence'), 155, 16, 'есть'),
	(nextval('hibernate_sequence'), 155, 17, '32 Мп'),
	(nextval('hibernate_sequence'), 155, 18, 'есть'),
	(nextval('hibernate_sequence'), 155, 19, 'есть'),
	(nextval('hibernate_sequence'), 155, 20, 'USB Type-C'),
	(nextval('hibernate_sequence'), 155, 21, 'Mini Jack 3.5 мм'),
	(nextval('hibernate_sequence'), 155, 22, 'Li-polymer'),
	(nextval('hibernate_sequence'), 155, 23, '7000 мА*ч'),
	(nextval('hibernate_sequence'), 155, 24, 'есть'),
	(nextval('hibernate_sequence'), 155, 25, 'Android 10'),
	(nextval('hibernate_sequence'), 155, 26, 'есть'),
	(nextval('hibernate_sequence'), 155, 27, '2020'),
	(nextval('hibernate_sequence'), 155, 28, 'пластик, стекло'),
	(nextval('hibernate_sequence'), 155, 29, '-'),
	(nextval('hibernate_sequence'), 155, 30, '-'),
	(nextval('hibernate_sequence'), 156, 1, '194 г'),
	(nextval('hibernate_sequence'), 156, 2, 'синий'),
	(nextval('hibernate_sequence'), 156, 3, '60 Гц'),
	(nextval('hibernate_sequence'), 156, 4, '6.1"'),
	(nextval('hibernate_sequence'), 156, 5, '1792x828'),
	(nextval('hibernate_sequence'), 156, 8, 'есть'),
	(nextval('hibernate_sequence'), 156, 9, '1 SIM'),
	(nextval('hibernate_sequence'), 156, 10, 'Apple'),
	(nextval('hibernate_sequence'), 156, 11, '-'),
	(nextval('hibernate_sequence'), 156, 12, 'Apple A12 Bionic'),
	(nextval('hibernate_sequence'), 156, 13, '6'),
	(nextval('hibernate_sequence'), 156, 14, '1'),
	(nextval('hibernate_sequence'), 156, 15, '12 Мп'),
	(nextval('hibernate_sequence'), 156, 16, 'есть'),
	(nextval('hibernate_sequence'), 156, 17, '7 Мп'),
	(nextval('hibernate_sequence'), 156, 18, 'есть'),
	(nextval('hibernate_sequence'), 156, 19, 'есть'),
	(nextval('hibernate_sequence'), 156, 20, 'Lightning 8-pin'),
	(nextval('hibernate_sequence'), 156, 21, 'Lightning 8-pin'),
	(nextval('hibernate_sequence'), 156, 22, 'Li-Ion'),
	(nextval('hibernate_sequence'), 156, 23, '2942 мА*ч'),
	(nextval('hibernate_sequence'), 156, 24, 'есть'),
	(nextval('hibernate_sequence'), 156, 25, 'iOS 14'),
	(nextval('hibernate_sequence'), 156, 26, 'есть'),
	(nextval('hibernate_sequence'), 156, 27, '2018'),
	(nextval('hibernate_sequence'), 156, 28, 'металл , стекло'),
	(nextval('hibernate_sequence'), 156, 29, '-'),
	(nextval('hibernate_sequence'), 156, 30, '-'),
	(nextval('hibernate_sequence'), 157, 1,  '163 г'),
	(nextval('hibernate_sequence'), 157, 2,  'голубой'),
	(nextval('hibernate_sequence'), 157, 3,  '120 Гц'),
	(nextval('hibernate_sequence'), 157, 4,  '6.2"'),
	(nextval('hibernate_sequence'), 157, 5,  '3200x1440'),
	(nextval('hibernate_sequence'), 157, 8,  'есть'),
	(nextval('hibernate_sequence'), 157, 9,  '2 SIM'),
	(nextval('hibernate_sequence'), 157, 10, 'Samsung'),
	(nextval('hibernate_sequence'), 157, 11, '-'),
	(nextval('hibernate_sequence'), 157, 12, 'Exynos 990'),
	(nextval('hibernate_sequence'), 157, 13, '8'),
	(nextval('hibernate_sequence'), 157, 14, '3'),
	(nextval('hibernate_sequence'), 157, 15, '64+12+12 Мп'),
	(nextval('hibernate_sequence'), 157, 16, 'есть'),
	(nextval('hibernate_sequence'), 157, 17, '10 Мп'),
	(nextval('hibernate_sequence'), 157, 18, 'есть'),
	(nextval('hibernate_sequence'), 157, 19, 'есть'),
	(nextval('hibernate_sequence'), 157, 20, 'USB Type-C'),
	(nextval('hibernate_sequence'), 157, 21, 'USB Type-C'),
	(nextval('hibernate_sequence'), 157, 22, 'Li-Ion'),
	(nextval('hibernate_sequence'), 157, 23, '4000 мА*ч'),
	(nextval('hibernate_sequence'), 157, 24, 'есть'),
	(nextval('hibernate_sequence'), 157, 25, 'Android 10'),
	(nextval('hibernate_sequence'), 157, 26, 'есть'),
	(nextval('hibernate_sequence'), 157, 27, '2020'),
	(nextval('hibernate_sequence'), 157, 28, 'металл , стекло'),
	(nextval('hibernate_sequence'), 157, 29, '-'),
	(nextval('hibernate_sequence'), 157, 30, '-'),
	(nextval('hibernate_sequence'), 158, 1 , '345 г'),
	(nextval('hibernate_sequence'), 158, 2 , 'серебристый'),
	(nextval('hibernate_sequence'), 158, 3 , '60 Гц'),
	(nextval('hibernate_sequence'), 158, 4 , '8"'),
	(nextval('hibernate_sequence'), 158, 5 , '1280x800'),
	(nextval('hibernate_sequence'), 158, 8 , '-'),
	(nextval('hibernate_sequence'), 158, 9 , '-'),
	(nextval('hibernate_sequence'), 158, 10, 'Qualcomm'),
	(nextval('hibernate_sequence'), 158, 11, '-'),
	(nextval('hibernate_sequence'), 158, 12, 'Snapdragon 429'),
	(nextval('hibernate_sequence'), 158, 13, '4'),
	(nextval('hibernate_sequence'), 158, 14, '1'),
	(nextval('hibernate_sequence'), 158, 15, '8.0 Мп'),
	(nextval('hibernate_sequence'), 158, 16, 'есть'),
	(nextval('hibernate_sequence'), 158, 17, '2 Мп'),
	(nextval('hibernate_sequence'), 158, 18, '-'),
	(nextval('hibernate_sequence'), 158, 19, 'есть'),
	(nextval('hibernate_sequence'), 158, 20, 'micro USB'),
	(nextval('hibernate_sequence'), 158, 21, 'mini-jack 3.5 мм'),
	(nextval('hibernate_sequence'), 158, 22, '-'),
	(nextval('hibernate_sequence'), 158, 23, '5100 мА*ч'),
	(nextval('hibernate_sequence'), 158, 24, 'нет'),
	(nextval('hibernate_sequence'), 158, 25, 'Android 9.x+'),
	(nextval('hibernate_sequence'), 158, 26, 'есть'),
	(nextval('hibernate_sequence'), 158, 27, '2019'),
	(nextval('hibernate_sequence'), 158, 28, 'пластик'),
	(nextval('hibernate_sequence'), 158, 29, '-'),
	(nextval('hibernate_sequence'), 158, 30, '-'),
    (nextval('hibernate_sequence'), 159, 1 , '310 г'),
	(nextval('hibernate_sequence'), 159, 2 , 'серый'),
	(nextval('hibernate_sequence'), 159, 3 , '60 Гц'),
	(nextval('hibernate_sequence'), 159, 4 , '8"'),
	(nextval('hibernate_sequence'), 159, 5 , '1920x1200'),
	(nextval('hibernate_sequence'), 159, 8 , 'есть'),
	(nextval('hibernate_sequence'), 159, 9 , '1 SIM'),
	(nextval('hibernate_sequence'), 159, 10, 'HiSilicon'),
	(nextval('hibernate_sequence'), 159, 11, '-'),
	(nextval('hibernate_sequence'), 159, 12, 'Kirin 710'),
	(nextval('hibernate_sequence'), 159, 13, '8'),
	(nextval('hibernate_sequence'), 159, 14, '1'),
	(nextval('hibernate_sequence'), 159, 15, '13 Мп'),
	(nextval('hibernate_sequence'), 159, 16, 'есть'),
	(nextval('hibernate_sequence'), 159, 17, '8 Мп'),
	(nextval('hibernate_sequence'), 159, 18, '-'),
	(nextval('hibernate_sequence'), 159, 19, 'есть'),
	(nextval('hibernate_sequence'), 159, 20, 'micro USB'),
	(nextval('hibernate_sequence'), 159, 21, 'mini-jack 3.5 мм'),
	(nextval('hibernate_sequence'), 159, 22, '-'),
	(nextval('hibernate_sequence'), 159, 23, '5100 мА*ч'),
	(nextval('hibernate_sequence'), 159, 24, 'нет'),
	(nextval('hibernate_sequence'), 159, 25, 'Android 9.x+'),
	(nextval('hibernate_sequence'), 159, 26, 'есть'),
	(nextval('hibernate_sequence'), 159, 27, '2019'),
	(nextval('hibernate_sequence'), 159, 28, 'пластик'),
	(nextval('hibernate_sequence'), 159, 29, '-'),
	(nextval('hibernate_sequence'), 159, 30, '-'),
	(nextval('hibernate_sequence'), 160, 1 , '465 г'),
	(nextval('hibernate_sequence'), 160, 2 , 'синий'),
	(nextval('hibernate_sequence'), 160, 3 , '60 Гц'),
	(nextval('hibernate_sequence'), 160, 4 , '10.4"'),
	(nextval('hibernate_sequence'), 160, 5 , '2000x1200'),
	(nextval('hibernate_sequence'), 160, 8 , '-'),
	(nextval('hibernate_sequence'), 160, 9 , '-'),
	(nextval('hibernate_sequence'), 160, 10, 'Samsung'),
	(nextval('hibernate_sequence'), 160, 11, '-'),
	(nextval('hibernate_sequence'), 160, 12, 'Exynos 9611'),
	(nextval('hibernate_sequence'), 160, 13, '8'),
	(nextval('hibernate_sequence'), 160, 14, '1'),
	(nextval('hibernate_sequence'), 160, 15, '8 Мп'),
	(nextval('hibernate_sequence'), 160, 16, 'есть'),
	(nextval('hibernate_sequence'), 160, 17, '5 Мп'),
	(nextval('hibernate_sequence'), 160, 18, '-'),
	(nextval('hibernate_sequence'), 160, 19, 'есть'),
	(nextval('hibernate_sequence'), 160, 20, 'USB Type-C'),
	(nextval('hibernate_sequence'), 160, 21, 'mini-jack 3.5 мм'),
	(nextval('hibernate_sequence'), 160, 22, '-'),
	(nextval('hibernate_sequence'), 160, 23, '7040 мА*ч'),
	(nextval('hibernate_sequence'), 160, 24, 'нет'),
	(nextval('hibernate_sequence'), 160, 25, 'Android 10.x'),
	(nextval('hibernate_sequence'), 160, 26, 'есть'),
	(nextval('hibernate_sequence'), 160, 27, '2020'),
	(nextval('hibernate_sequence'), 160, 28, 'металл'),
	(nextval('hibernate_sequence'), 160, 29, '-'),
	(nextval('hibernate_sequence'), 160, 30, '-'),
	(nextval('hibernate_sequence'), 161, 1 , '495 г'),
	(nextval('hibernate_sequence'), 161, 2 , 'серебристый'),
	(nextval('hibernate_sequence'), 161, 3 , '60 Гц'),
	(nextval('hibernate_sequence'), 161, 4 , '10.2"'),
	(nextval('hibernate_sequence'), 161, 5 , '2160×1620'),
	(nextval('hibernate_sequence'), 161, 8 , 'есть'),
	(nextval('hibernate_sequence'), 161, 9 , '1 SIM'),
	(nextval('hibernate_sequence'), 161, 10, 'Apple'),
	(nextval('hibernate_sequence'), 161, 11, '-'),
	(nextval('hibernate_sequence'), 161, 12, 'A12 Bionic'),
	(nextval('hibernate_sequence'), 161, 13, '6'),
	(nextval('hibernate_sequence'), 161, 14, '1'),
	(nextval('hibernate_sequence'), 161, 15, '8 Мп'),
	(nextval('hibernate_sequence'), 161, 16, 'есть'),
	(nextval('hibernate_sequence'), 161, 17, '1.2 Мп'),
	(nextval('hibernate_sequence'), 161, 18, '-'),
	(nextval('hibernate_sequence'), 161, 19, 'есть'),
	(nextval('hibernate_sequence'), 161, 20, 'Lightning 8 pin'),
	(nextval('hibernate_sequence'), 161, 21, 'mini-jack 3.5 мм'),
	(nextval('hibernate_sequence'), 161, 22, '-'),
	(nextval('hibernate_sequence'), 161, 23, '8827 мА*ч'),
	(nextval('hibernate_sequence'), 161, 24, '-'),
	(nextval('hibernate_sequence'), 161, 25, 'iPadOS'),
	(nextval('hibernate_sequence'), 161, 26, 'есть'),
	(nextval('hibernate_sequence'), 161, 27, '2020'),
	(nextval('hibernate_sequence'), 161, 28, 'металл'),
	(nextval('hibernate_sequence'), 161, 29, '-'),
	(nextval('hibernate_sequence'), 161, 30, '-'),
	(nextval('hibernate_sequence'), 162, 1 , '1.05 кг'),
	(nextval('hibernate_sequence'), 162, 2 , 'розовый'),
	(nextval('hibernate_sequence'), 162, 3 , '60 Гц'),
	(nextval('hibernate_sequence'), 162, 4 , '11.6"'),
	(nextval('hibernate_sequence'), 162, 5 , '1366x768'),
	(nextval('hibernate_sequence'), 162, 10, 'Intel'),
	(nextval('hibernate_sequence'), 162, 11, 'Celeron'),
	(nextval('hibernate_sequence'), 162, 12, 'N4020'),
	(nextval('hibernate_sequence'), 162, 13, '2'),
	(nextval('hibernate_sequence'), 162, 22, 'Li-Pol'),
	(nextval('hibernate_sequence'), 162, 23, '38 Вт*ч'),
	(nextval('hibernate_sequence'), 162, 24, '-'),
	(nextval('hibernate_sequence'), 162, 25, 'Windows 10 Home'),
	(nextval('hibernate_sequence'), 162, 26, 'есть'),
	(nextval('hibernate_sequence'), 162, 27, '2020'),
	(nextval('hibernate_sequence'), 162, 28, 'пластик'),
	(nextval('hibernate_sequence'), 162, 29, 'DDR4'),
	(nextval('hibernate_sequence'), 162, 30, '2400 МГц'),
	(nextval('hibernate_sequence'), 162, 31, '4 ГБ'),
	(nextval('hibernate_sequence'), 162, 32, 'встроенный'),
	(nextval('hibernate_sequence'), 162, 33, 'нет'),
	(nextval('hibernate_sequence'), 162, 34, 'выделяется из оперативной'),
	(nextval('hibernate_sequence'), 162, 35, 'Intel UHD 600'),
	(nextval('hibernate_sequence'), 162, 36, 'нет'),
	(nextval('hibernate_sequence'), 162, 37, '64 ГБ'),
	(nextval('hibernate_sequence'), 163, 1 , '2.7 кг'),
	(nextval('hibernate_sequence'), 163, 2 , 'черный'),
	(nextval('hibernate_sequence'), 163, 3 , '60 Гц'),
	(nextval('hibernate_sequence'), 163, 4 , '17.3"'),
	(nextval('hibernate_sequence'), 163, 5 , '1600x900'),
	(nextval('hibernate_sequence'), 163, 10, 'Intel'),
	(nextval('hibernate_sequence'), 163, 11, 'Pentium'),
	(nextval('hibernate_sequence'), 163, 12, 'Silver N5030'),
	(nextval('hibernate_sequence'), 163, 13, '4'),
	(nextval('hibernate_sequence'), 163, 22, 'Li-Ion'),
	(nextval('hibernate_sequence'), 163, 23, '4810 мА*ч'),
	(nextval('hibernate_sequence'), 163, 24, '-'),
	(nextval('hibernate_sequence'), 163, 25, 'UNIX-подобная'),
	(nextval('hibernate_sequence'), 163, 26, 'есть'),
	(nextval('hibernate_sequence'), 163, 27, '2020'),
	(nextval('hibernate_sequence'), 163, 28, 'пластик'),
	(nextval('hibernate_sequence'), 163, 29, 'DDR4'),
	(nextval('hibernate_sequence'), 163, 30, '2133 МГц'),
	(nextval('hibernate_sequence'), 163, 31, '4 ГБ'),
	(nextval('hibernate_sequence'), 163, 32, 'встроенный'),
	(nextval('hibernate_sequence'), 163, 33, 'нет'),
	(nextval('hibernate_sequence'), 163, 34, 'выделяется из оперативной'),
	(nextval('hibernate_sequence'), 163, 35, 'Intel UHD 605'),
	(nextval('hibernate_sequence'), 163, 36, 'нет'),
	(nextval('hibernate_sequence'), 163, 37, '256 ГБ'),
	(nextval('hibernate_sequence'), 164, 1 , '2.2 кг'),
	(nextval('hibernate_sequence'), 164, 2 , 'серый'),
	(nextval('hibernate_sequence'), 164, 3 , '60 Гц'),
	(nextval('hibernate_sequence'), 164, 4 , '17.3"'),
	(nextval('hibernate_sequence'), 164, 5 , '1600x900'),
	(nextval('hibernate_sequence'), 164, 10, 'AMD'),
	(nextval('hibernate_sequence'), 164, 11, 'Athlon'),
	(nextval('hibernate_sequence'), 164, 12, 'Silver 3050U'),
	(nextval('hibernate_sequence'), 164, 13, '2'),
	(nextval('hibernate_sequence'), 164, 22, 'Li-Pol'),
	(nextval('hibernate_sequence'), 164, 23, '42 Вт*ч'),
	(nextval('hibernate_sequence'), 164, 24, '-'),
	(nextval('hibernate_sequence'), 164, 25, 'DOS'),
	(nextval('hibernate_sequence'), 164, 26, 'есть'),
	(nextval('hibernate_sequence'), 164, 27, '2020'),
	(nextval('hibernate_sequence'), 164, 28, 'пластик'),
	(nextval('hibernate_sequence'), 164, 29, 'DDR4'),
	(nextval('hibernate_sequence'), 164, 30, '2400 МГц'),
	(nextval('hibernate_sequence'), 164, 31, '4 ГБ'),
	(nextval('hibernate_sequence'), 164, 32, 'встроенный'),
	(nextval('hibernate_sequence'), 164, 33, 'нет'),
	(nextval('hibernate_sequence'), 164, 34, 'выделяется из оперативной'),
	(nextval('hibernate_sequence'), 164, 35, 'Radeon Vega 2'),
	(nextval('hibernate_sequence'), 164, 36, 'нет'),
	(nextval('hibernate_sequence'), 164, 37, '256 ГБ'),
	(nextval('hibernate_sequence'), 165, 1 , '1.75 кг'),
	(nextval('hibernate_sequence'), 165, 2 , 'серый'),
	(nextval('hibernate_sequence'), 165, 3 , '60 Гц'),
	(nextval('hibernate_sequence'), 165, 4 , '15.6"'),
	(nextval('hibernate_sequence'), 165, 5 , '1920x1080'),
	(nextval('hibernate_sequence'), 165, 10, 'Intel'),
	(nextval('hibernate_sequence'), 165, 11, 'Pentium'),
	(nextval('hibernate_sequence'), 165, 12, 'Gold 6405U'),
	(nextval('hibernate_sequence'), 165, 13, '2'),
	(nextval('hibernate_sequence'), 165, 22, 'Li-Ion'),
	(nextval('hibernate_sequence'), 165, 23, '3600 мА*ч'),
	(nextval('hibernate_sequence'), 165, 24, '-'),
	(nextval('hibernate_sequence'), 165, 25, 'Windows 10 Home'),
	(nextval('hibernate_sequence'), 165, 26, 'есть'),
	(nextval('hibernate_sequence'), 165, 27, '2020'),
	(nextval('hibernate_sequence'), 165, 28, 'пластик'),
	(nextval('hibernate_sequence'), 165, 29, 'DDR4'),
	(nextval('hibernate_sequence'), 165, 30, '2400 МГц'),
	(nextval('hibernate_sequence'), 165, 31, '4 ГБ'),
	(nextval('hibernate_sequence'), 165, 32, 'встроенный'),
	(nextval('hibernate_sequence'), 165, 33, 'нет'),
	(nextval('hibernate_sequence'), 165, 34, 'выделяется из оперативной'),
	(nextval('hibernate_sequence'), 165, 35, 'Intel UHD'),
	(nextval('hibernate_sequence'), 165, 36, 'нет'),
	(nextval('hibernate_sequence'), 165, 37, '256 ГБ'),
	(nextval('hibernate_sequence'), 166, 1 , '1.2 кг'),
	(nextval('hibernate_sequence'), 166, 2 , 'серый'),
	(nextval('hibernate_sequence'), 166, 3 , '60 Гц'),
	(nextval('hibernate_sequence'), 166, 4 , '13.3"'),
	(nextval('hibernate_sequence'), 166, 5 , '1920x1080'),
	(nextval('hibernate_sequence'), 166, 10, 'Intel'),
	(nextval('hibernate_sequence'), 166, 11, 'Core i5'),
	(nextval('hibernate_sequence'), 166, 12, '1035G1'),
	(nextval('hibernate_sequence'), 166, 13, '4'),
	(nextval('hibernate_sequence'), 166, 22, 'Li-Pol'),
	(nextval('hibernate_sequence'), 166, 23, '50 Вт*ч'),
	(nextval('hibernate_sequence'), 166, 24, '-'),
	(nextval('hibernate_sequence'), 166, 25, 'Windows 10 Home'),
	(nextval('hibernate_sequence'), 166, 26, 'есть'),
	(nextval('hibernate_sequence'), 166, 27, '2020'),
	(nextval('hibernate_sequence'), 166, 28, 'пластик'),
	(nextval('hibernate_sequence'), 166, 29, 'DDR4'),
	(nextval('hibernate_sequence'), 166, 30, '2666 МГц'),
	(nextval('hibernate_sequence'), 166, 31, '8 ГБ'),
	(nextval('hibernate_sequence'), 166, 32, 'встроенный'),
	(nextval('hibernate_sequence'), 166, 33, 'нет'),
	(nextval('hibernate_sequence'), 166, 34, 'выделяется из оперативной'),
	(nextval('hibernate_sequence'), 166, 35, 'Intel UHD'),
	(nextval('hibernate_sequence'), 166, 36, 'нет'),
	(nextval('hibernate_sequence'), 166, 37, '256 ГБ'),
	(nextval('hibernate_sequence'), 167, 1 , '10 г'),
	(nextval('hibernate_sequence'), 167, 2 , 'синий'),
	(nextval('hibernate_sequence'), 167, 6 , '3 мВт'),
	(nextval('hibernate_sequence'), 167, 7 , '-'),
	(nextval('hibernate_sequence'), 167, 38, 'проводной'),
	(nextval('hibernate_sequence'), 167, 39, 'внутриканальные'),
	(nextval('hibernate_sequence'), 167, 40, '2.0'),
	(nextval('hibernate_sequence'), 167, 41, '16Ω'),
	(nextval('hibernate_sequence'), 167, 42, 'есть'),
	(nextval('hibernate_sequence'), 167, 43, 'jack 3.5 мм'),
	(nextval('hibernate_sequence'), 167, 44, 'нет'),
	(nextval('hibernate_sequence'), 167, 45, '1.2 м'),
	(nextval('hibernate_sequence'), 168, 1 , '10 г'),
	(nextval('hibernate_sequence'), 168, 2 , 'желтый'),
	(nextval('hibernate_sequence'), 168, 6 , '-'),
	(nextval('hibernate_sequence'), 168, 7 , '-'),
	(nextval('hibernate_sequence'), 168, 38, 'проводной'),
	(nextval('hibernate_sequence'), 168, 39, 'внутриканальные'),
	(nextval('hibernate_sequence'), 168, 40, '2.0'),
	(nextval('hibernate_sequence'), 168, 41, '16Ω'),
	(nextval('hibernate_sequence'), 168, 42, 'есть'),
	(nextval('hibernate_sequence'), 168, 43, 'jack 3.5 мм'),
	(nextval('hibernate_sequence'), 168, 44, 'нет'),
	(nextval('hibernate_sequence'), 168, 45, '1.2 м'),
	(nextval('hibernate_sequence'), 169, 1 , '16.2 г'),
	(nextval('hibernate_sequence'), 169, 2 , 'бирюзовый'),
	(nextval('hibernate_sequence'), 169, 6 , '96 дБ'),
	(nextval('hibernate_sequence'), 169, 7 , '-'),
	(nextval('hibernate_sequence'), 169, 38, 'Bluetooth стереогарнитура'),
	(nextval('hibernate_sequence'), 169, 39, 'внутриканальные'),
	(nextval('hibernate_sequence'), 169, 40, '2.0'),
	(nextval('hibernate_sequence'), 169, 41, '16Ω'),
	(nextval('hibernate_sequence'), 169, 42, 'есть'),
	(nextval('hibernate_sequence'), 169, 43, 'jack 3.5 мм'),
	(nextval('hibernate_sequence'), 169, 44, '-'),
	(nextval('hibernate_sequence'), 169, 45, '-'),
	(nextval('hibernate_sequence'), 170, 1 , '9 г'),
	(nextval('hibernate_sequence'), 170, 2 , 'красный'),
	(nextval('hibernate_sequence'), 170, 6 , '100 мВт'),
	(nextval('hibernate_sequence'), 170, 7 , '-'),
	(nextval('hibernate_sequence'), 170, 38, 'проводной'),
	(nextval('hibernate_sequence'), 170, 39, 'внутриканальные'),
	(nextval('hibernate_sequence'), 170, 40, '2.0'),
	(nextval('hibernate_sequence'), 170, 41, '16Ω'),
	(nextval('hibernate_sequence'), 170, 42, 'есть'),
	(nextval('hibernate_sequence'), 170, 43, 'jack 3.5 мм'),
	(nextval('hibernate_sequence'), 170, 44, 'нет'),
	(nextval('hibernate_sequence'), 170, 45, '1.2 м'),
	(nextval('hibernate_sequence'), 171, 1, '5.8 кг'),
	(nextval('hibernate_sequence'), 171, 2, 'белый'),
	(nextval('hibernate_sequence'), 171, 3, '60 Гц'),
	(nextval('hibernate_sequence'), 171, 4, '32"'),
	(nextval('hibernate_sequence'), 171, 5, 'HD, 1366x768'),
	(nextval('hibernate_sequence'), 171, 6, '10 Вт'),
	(nextval('hibernate_sequence'), 171, 7, 'есть'),
	(nextval('hibernate_sequence'), 172, 1, '20.9 кг'),
	(nextval('hibernate_sequence'), 172, 2, 'темно-серый'),
	(nextval('hibernate_sequence'), 172, 3, '60 Гц'),
	(nextval('hibernate_sequence'), 172, 4, '65"'),
	(nextval('hibernate_sequence'), 172, 5, '4K UltraHD, 3840x2160'),
	(nextval('hibernate_sequence'), 172, 6, '20 Вт'),
	(nextval('hibernate_sequence'), 172, 7, 'есть'),
	(nextval('hibernate_sequence'), 173, 1, '12.6 кг'),
	(nextval('hibernate_sequence'), 173, 2, 'черный'),
	(nextval('hibernate_sequence'), 173, 3, '60 Гц'),
	(nextval('hibernate_sequence'), 173, 4, '49"'),
	(nextval('hibernate_sequence'), 173, 5, '4K UltraHD, 3840x2160'),
	(nextval('hibernate_sequence'), 173, 6, '20 Вт'),
	(nextval('hibernate_sequence'), 173, 7, 'есть');


INSERT into usr (id, active, password, username) values
    (1, false, '$2y$12$lHcgzUJzqlg56mcSeO.qPugoKl5os7X.cib0UUHKpBdwyKCv6820u', 'admin'), /*admin:admin*/
    (2, false, '$2y$12$hNhdFmaKIjeSGQNUYVxj6.wyHxKY/w4HkS/QsHmmV1hGuO14s6es.', 'guest'); /*guest:password*/

INSERT into user_roles (user_id, roles) values
    (1, 'USER'),
    (1, 'ADMIN'),
    (2, 'USER');